{
  "bg": 171, 
  "temp": "absolute", 
  "snoozeBG": 136, 
  "recieved": true, 
  "predBGs": {
    "COB": [
      171, 
      173, 
      174, 
      176, 
      176, 
      176, 
      175, 
      173, 
      171, 
      169, 
      166, 
      164, 
      161, 
      158, 
      155, 
      152, 
      149, 
      146, 
      144, 
      142, 
      140, 
      139, 
      137, 
      137, 
      136, 
      136, 
      137, 
      138, 
      139, 
      140, 
      141, 
      143, 
      145, 
      147, 
      149, 
      151, 
      153
    ], 
    "aCOB": [
      171, 
      178, 
      184, 
      189, 
      194, 
      198, 
      200, 
      202, 
      203, 
      204, 
      204, 
      204, 
      203, 
      203, 
      202, 
      200, 
      199, 
      198, 
      196, 
      195, 
      194, 
      192, 
      192, 
      191, 
      190, 
      190, 
      189, 
      189, 
      189, 
      189, 
      189, 
      188, 
      188, 
      188, 
      187
    ], 
    "IOB": [
      171, 
      172, 
      173, 
      174, 
      173, 
      171, 
      168, 
      164, 
      159, 
      154, 
      148, 
      141, 
      134, 
      127, 
      120, 
      113, 
      107, 
      100, 
      94, 
      88, 
      83, 
      78, 
      74, 
      70, 
      66, 
      63, 
      60, 
      58, 
      56, 
      55, 
      53, 
      52, 
      51, 
      51, 
      50
    ]
  }, 
  "rate": 1.425, 
  "reason": "COB: 38, Dev: 31, BGI: -3.11, Target: 115; Eventual BG 153>=120, 20m@1.410 = 0.470 > req 0.2941176470588235+0.1U", 
  "eventualBG": 153, 
  "timestamp": "2016-04-26T22:38:55.937000", 
  "duration": 30, 
  "tick": "+2"
}