{
  "bg": 177, 
  "temp": "absolute", 
  "snoozeBG": 147, 
  "recieved": true, 
  "predBGs": {
    "COB": [
      177, 
      181, 
      184, 
      187, 
      190, 
      191, 
      193, 
      194, 
      194, 
      194, 
      194, 
      193, 
      192, 
      190, 
      188, 
      186, 
      183, 
      180, 
      177, 
      174, 
      171, 
      168, 
      164, 
      161, 
      158, 
      155, 
      153, 
      150, 
      148, 
      147, 
      145, 
      144, 
      142, 
      141, 
      141, 
      140
    ], 
    "aCOB": [
      177, 
      184, 
      189, 
      194, 
      199, 
      202, 
      205, 
      206, 
      208, 
      208, 
      208, 
      206, 
      205, 
      202, 
      199, 
      195, 
      191, 
      186, 
      181, 
      176, 
      172, 
      167, 
      164, 
      160, 
      157, 
      154, 
      151, 
      149, 
      147, 
      145, 
      144, 
      142, 
      141, 
      140, 
      139, 
      139, 
      138
    ], 
    "IOB": [
      177, 
      181, 
      183, 
      185, 
      187, 
      187, 
      187, 
      185, 
      183, 
      181, 
      177, 
      173, 
      168, 
      163, 
      158, 
      153, 
      148, 
      143, 
      138, 
      133, 
      129, 
      125, 
      121, 
      117, 
      114, 
      111, 
      108, 
      106, 
      104, 
      102, 
      101, 
      99, 
      98, 
      97, 
      96, 
      96, 
      95
    ]
  }, 
  "rate": 1.425, 
  "reason": "COB: 19, Dev: 41, BGI: -2.76, Target: 115; Eventual BG 147>=115, 29m@1.300 = 0.628 > req 0.4401650618982118+0.1U", 
  "eventualBG": 147, 
  "timestamp": "2016-05-05T19:29:36.279164", 
  "duration": 30, 
  "tick": "+7"
}