{
  "bg": 116, 
  "temp": "absolute", 
  "snoozeBG": 114, 
  "recieved": true, 
  "predBGs": {
    "aCOB": [
      116, 
      122, 
      129, 
      136, 
      143, 
      151, 
      158, 
      166, 
      173, 
      181, 
      189, 
      197, 
      205, 
      212, 
      220, 
      228, 
      235, 
      243, 
      250, 
      257, 
      264, 
      270, 
      277, 
      283, 
      289, 
      294, 
      300, 
      305, 
      310, 
      315, 
      319, 
      323, 
      327, 
      331, 
      334, 
      338, 
      341
    ], 
    "IOB": [
      116, 
      113, 
      110, 
      107, 
      105, 
      104, 
      102, 
      101, 
      100, 
      100, 
      100, 
      100, 
      100, 
      100, 
      101, 
      101, 
      102, 
      103, 
      103, 
      104, 
      105, 
      106, 
      106, 
      107, 
      108, 
      108, 
      109, 
      109, 
      110, 
      110, 
      110, 
      111, 
      111, 
      111, 
      111, 
      111, 
      112
    ]
  }, 
  "rate": 0.675, 
  "reason": "COB: 53, Dev: 1, BGI: -1.5, Target: 115; Eventual BG 114<115, 29m@-0.480 = -0.232 < req -0.02600780234070221-0.2U", 
  "eventualBG": 114, 
  "timestamp": "2016-05-06T21:34:14.547489", 
  "duration": 30, 
  "tick": -4
}