{
  "bg": 184, 
  "temp": "absolute", 
  "snoozeBG": 132, 
  "recieved": true, 
  "predBGs": {
    "COB": [
      184, 
      185, 
      186, 
      186, 
      187, 
      187, 
      187, 
      186, 
      184, 
      182, 
      179, 
      176, 
      173, 
      169, 
      166, 
      162, 
      158, 
      154, 
      151, 
      147, 
      144, 
      141, 
      139, 
      137, 
      135, 
      134, 
      133, 
      132, 
      132, 
      132, 
      132, 
      133, 
      134, 
      135, 
      137, 
      138, 
      140
    ], 
    "aCOB": [
      184, 
      190, 
      196, 
      202, 
      207, 
      211, 
      215, 
      218, 
      220, 
      221, 
      221, 
      221, 
      220, 
      219, 
      218, 
      216, 
      214, 
      211, 
      209, 
      206, 
      204, 
      201, 
      199, 
      196, 
      194, 
      192, 
      190, 
      189, 
      187, 
      186, 
      184, 
      183, 
      181, 
      180, 
      179, 
      178
    ], 
    "IOB": [
      184, 
      185, 
      185, 
      185, 
      184, 
      182, 
      180, 
      177, 
      173, 
      168, 
      162, 
      156, 
      149, 
      142, 
      134, 
      127, 
      120, 
      113, 
      106, 
      99, 
      93, 
      87, 
      81, 
      76, 
      72, 
      67, 
      64, 
      60, 
      57, 
      55, 
      53, 
      51, 
      49, 
      48, 
      47, 
      46
    ]
  }, 
  "rate": 1.05, 
  "reason": "COB: 30, Dev: 26, BGI: -3.35, ISF: 86, Target: 115; Eventual BG 140>=115, 27m@1.600 = 0.720 > req 0.19767441860465115+0.1U", 
  "eventualBG": 140, 
  "timestamp": "2016-05-24T21:47:58.804169", 
  "duration": 30, 
  "tick": "+1"
}