{
  "bg": 139, 
  "temp": "absolute", 
  "snoozeBG": 132, 
  "recieved": true, 
  "predBGs": {
    "IOB": [
      139, 
      135, 
      131, 
      128, 
      125, 
      122, 
      119, 
      116, 
      113, 
      110, 
      107, 
      104, 
      101, 
      98, 
      95, 
      92, 
      90, 
      87, 
      84, 
      81, 
      78, 
      75, 
      73, 
      71, 
      69, 
      67, 
      65, 
      63, 
      62, 
      60, 
      59, 
      58, 
      57, 
      57, 
      56, 
      56, 
      55
    ]
  }, 
  "rate": 0.8, 
  "reason": "COB: 0, Dev: 34, BGI: -3.05, Target: 115; Eventual BG 132>=115, 27m@0.950 = 0.428 > req 0.19767441860465115+0.1U", 
  "eventualBG": 132, 
  "timestamp": "2016-05-04T00:46:01.274223", 
  "duration": 30, 
  "tick": -4
}