{
  "bg": 129, 
  "temp": "absolute", 
  "snoozeBG": 135, 
  "recieved": true, 
  "predBGs": {
    "COB": [
      129, 
      131, 
      133, 
      135, 
      136, 
      138, 
      140, 
      141, 
      142, 
      143, 
      144, 
      144, 
      144, 
      144, 
      144, 
      144, 
      144, 
      143, 
      142, 
      142, 
      141, 
      140, 
      140, 
      139, 
      138, 
      138, 
      137, 
      137, 
      136, 
      136, 
      135, 
      135, 
      135, 
      134
    ], 
    "aCOB": [
      129, 
      138, 
      145, 
      151, 
      156, 
      160, 
      162, 
      163, 
      162, 
      162, 
      161, 
      160, 
      159, 
      157, 
      156, 
      154, 
      153, 
      151, 
      149, 
      148, 
      146, 
      144, 
      143, 
      141, 
      140, 
      139, 
      137, 
      136, 
      135, 
      134, 
      133, 
      133, 
      132, 
      131, 
      131, 
      131, 
      130
    ], 
    "IOB": [
      129, 
      131, 
      132, 
      134, 
      135, 
      136, 
      137, 
      138, 
      138, 
      138, 
      137, 
      136, 
      135, 
      134, 
      133, 
      131, 
      129, 
      128, 
      126, 
      124, 
      123, 
      121, 
      119, 
      118, 
      117, 
      115, 
      114, 
      113, 
      112, 
      111, 
      110, 
      109, 
      109, 
      108, 
      108, 
      107
    ]
  }, 
  "rate": 0.85, 
  "reason": "COB: 7, Dev: 12, BGI: -0.04, Target: 115; Eventual BG 135>=120, 28m@0.725 = 0.338 > req 0.22246941045606228+0.1U", 
  "eventualBG": 135, 
  "timestamp": "2016-04-23T03:34:44.766946", 
  "duration": 30, 
  "tick": "+2"
}