{
  "bg": 154, 
  "temp": "absolute", 
  "snoozeBG": 129, 
  "recieved": true, 
  "predBGs": {
    "COB": [
      154, 
      157, 
      159, 
      161, 
      163, 
      164, 
      164, 
      164, 
      164, 
      164, 
      163, 
      161, 
      160, 
      158, 
      157, 
      155, 
      153, 
      151, 
      148, 
      146, 
      144, 
      142, 
      140, 
      139, 
      137, 
      136, 
      135, 
      134, 
      133, 
      132, 
      131, 
      130, 
      130, 
      129, 
      129, 
      128
    ], 
    "aCOB": [
      154, 
      163, 
      171, 
      177, 
      182, 
      186, 
      188, 
      189, 
      188, 
      187, 
      184, 
      181, 
      177, 
      174, 
      170, 
      167, 
      163, 
      160, 
      156, 
      152, 
      149, 
      146, 
      143, 
      140, 
      138, 
      136, 
      134, 
      132, 
      131, 
      129, 
      128, 
      127, 
      126, 
      126, 
      125
    ], 
    "IOB": [
      154, 
      157, 
      159, 
      160, 
      161, 
      161, 
      161, 
      160, 
      158, 
      156, 
      154, 
      151, 
      147, 
      144, 
      140, 
      137, 
      133, 
      130, 
      126, 
      122, 
      119, 
      116, 
      113, 
      110, 
      108, 
      106, 
      104, 
      102, 
      101, 
      99, 
      98, 
      97, 
      96, 
      96, 
      95
    ]
  }, 
  "rate": 1.75, 
  "reason": "COB: 11, Dev: 18, BGI: -0.04, Target: 115; Eventual BG 129>=115, 27m@0.950 = 0.427 > req 0.18716577540106952+0.1U", 
  "eventualBG": 129, 
  "timestamp": "2016-05-05T23:05:31.805924", 
  "duration": 26, 
  "tick": "+3"
}