{
  "bg": 126, 
  "temp": "absolute", 
  "snoozeBG": 134, 
  "recieved": true, 
  "predBGs": {
    "COB": [
      126, 
      127, 
      127, 
      129, 
      130, 
      132, 
      134, 
      136, 
      138, 
      141, 
      143, 
      145, 
      148, 
      150, 
      152, 
      154, 
      157, 
      158, 
      160, 
      162, 
      163, 
      165, 
      167, 
      168, 
      170, 
      171, 
      173, 
      174, 
      176, 
      177, 
      178, 
      180, 
      181, 
      183, 
      184, 
      185, 
      187
    ], 
    "aCOB": [
      126, 
      130, 
      135, 
      139, 
      144, 
      149, 
      154, 
      158, 
      163, 
      167, 
      171, 
      175, 
      179, 
      183, 
      186, 
      189, 
      192, 
      194, 
      196, 
      198, 
      199, 
      200, 
      201, 
      202, 
      202, 
      203, 
      203, 
      202, 
      202, 
      201, 
      200, 
      199, 
      198, 
      198, 
      197, 
      197, 
      196
    ], 
    "IOB": [
      126, 
      126, 
      126, 
      126, 
      127, 
      126, 
      126, 
      126, 
      125, 
      124, 
      122, 
      120, 
      118, 
      116, 
      114, 
      112, 
      110, 
      108, 
      106, 
      103, 
      101, 
      100, 
      98, 
      96, 
      95, 
      93, 
      92, 
      90, 
      89, 
      88, 
      87, 
      86, 
      85, 
      84, 
      84, 
      83
    ]
  }, 
  "rate": 1.375, 
  "reason": "COB: 36, Dev: 38, BGI: -5.31, Target: 115; Eventual BG 187>=120, 24m@1.295 = 0.518 > req 0.28273809523809523+0.1U", 
  "eventualBG": 187, 
  "timestamp": "2016-04-27T21:43:56.027005", 
  "duration": 30, 
  "tick": "+1"
}