{
  "bg": 122, 
  "temp": "absolute", 
  "snoozeBG": 135, 
  "recieved": true, 
  "predBGs": {
    "COB": [
      122, 
      124, 
      126, 
      129, 
      131, 
      133, 
      135, 
      136, 
      138, 
      139, 
      140, 
      141, 
      141, 
      142, 
      142, 
      142, 
      142, 
      142, 
      142, 
      142, 
      143, 
      143, 
      143, 
      143, 
      144, 
      144, 
      145, 
      146, 
      146, 
      147, 
      148, 
      149, 
      151, 
      152, 
      153, 
      155, 
      157
    ], 
    "aCOB": [
      122, 
      130, 
      138, 
      145, 
      152, 
      158, 
      164, 
      169, 
      174, 
      179, 
      183, 
      186, 
      189, 
      191, 
      193, 
      195, 
      196, 
      197, 
      197, 
      197, 
      197, 
      197, 
      196, 
      196, 
      195, 
      193, 
      192, 
      190, 
      189, 
      187, 
      186, 
      185, 
      184, 
      184, 
      183, 
      183, 
      182
    ], 
    "IOB": [
      122, 
      124, 
      126, 
      127, 
      128, 
      129, 
      129, 
      128, 
      128, 
      127, 
      125, 
      123, 
      120, 
      117, 
      114, 
      111, 
      108, 
      105, 
      102, 
      100, 
      97, 
      94, 
      92, 
      90, 
      88, 
      86, 
      84, 
      82, 
      80, 
      79, 
      78, 
      77, 
      76, 
      75, 
      75, 
      74
    ]
  }, 
  "rate": 1.125, 
  "reason": "COB: 33, Dev: 22, BGI: -1.71, Target: 115; Eventual BG 157>=120, 28m@0.980 = 0.457 > req 0.30487804878048785+0.1U", 
  "eventualBG": 157, 
  "timestamp": "2016-04-19T00:02:14.992836", 
  "duration": 30, 
  "tick": "+5"
}