{
  "bg": 93, 
  "temp": "absolute", 
  "snoozeBG": 161, 
  "recieved": true, 
  "predBGs": {
    "COB": [
      93, 
      99, 
      104, 
      110, 
      114, 
      118, 
      122, 
      125, 
      127, 
      129, 
      130, 
      130, 
      130, 
      129, 
      128, 
      126, 
      124, 
      122, 
      120, 
      117, 
      115, 
      112, 
      110, 
      107, 
      105, 
      103, 
      101, 
      99, 
      97, 
      96, 
      94, 
      93, 
      92, 
      91, 
      90, 
      90, 
      89
    ], 
    "aCOB": [
      93, 
      102, 
      110, 
      116, 
      121, 
      125, 
      127, 
      128, 
      128, 
      128, 
      129, 
      128, 
      128, 
      127, 
      126, 
      124, 
      122, 
      120, 
      118, 
      115, 
      113, 
      110, 
      108, 
      106, 
      103, 
      101, 
      99, 
      97, 
      95, 
      94, 
      92, 
      91, 
      90, 
      89, 
      88, 
      88, 
      87
    ], 
    "IOB": [
      93, 
      99, 
      104, 
      110, 
      114, 
      118, 
      122, 
      125, 
      128, 
      130, 
      131, 
      131, 
      130, 
      130, 
      128, 
      127, 
      125, 
      122, 
      120, 
      118, 
      115, 
      113, 
      110, 
      108, 
      106, 
      104, 
      102, 
      100, 
      98, 
      96, 
      95, 
      94, 
      93, 
      92, 
      91, 
      90
    ]
  }, 
  "rate": 1.5, 
  "reason": "COB: 9, Dev: 36, BGI: 0.35, Target: 115; Eventual BG 133>=115, 28m@1.300 = 0.607 > req 0.2857142857142857+0.1U", 
  "eventualBG": 133, 
  "timestamp": "2016-05-08T22:50:49.477099", 
  "duration": 30, 
  "tick": "+7"
}