{
  "bg": 148, 
  "temp": "absolute", 
  "snoozeBG": 145, 
  "recieved": true, 
  "predBGs": {
    "COB": [
      148, 
      154, 
      159, 
      164, 
      168, 
      171, 
      174, 
      176, 
      177, 
      178, 
      178, 
      177, 
      176, 
      174, 
      171, 
      168, 
      165, 
      161, 
      157, 
      153, 
      149, 
      145, 
      141, 
      138, 
      134, 
      131, 
      129, 
      126, 
      124, 
      122, 
      121, 
      119, 
      118, 
      117, 
      116, 
      115
    ], 
    "aCOB": [
      148, 
      157, 
      165, 
      172, 
      178, 
      183, 
      186, 
      189, 
      190, 
      189, 
      188, 
      185, 
      182, 
      178, 
      173, 
      169, 
      164, 
      160, 
      155, 
      151, 
      147, 
      143, 
      139, 
      136, 
      132, 
      129, 
      127, 
      124, 
      122, 
      120, 
      119, 
      117, 
      116, 
      115, 
      114, 
      113
    ], 
    "IOB": [
      148, 
      154, 
      158, 
      162, 
      166, 
      168, 
      170, 
      170, 
      170, 
      169, 
      167, 
      164, 
      160, 
      156, 
      152, 
      148, 
      143, 
      138, 
      134, 
      130, 
      125, 
      121, 
      118, 
      114, 
      111, 
      108, 
      105, 
      103, 
      101, 
      99, 
      97, 
      96, 
      94, 
      93, 
      92, 
      92, 
      91
    ]
  }, 
  "rate": 1.5, 
  "reason": "COB: 12, Dev: 36, BGI: 0, Target: 115; Eventual BG 145>=115, 27m@1.440 = 0.648 > req 0.3787878787878788+0.1U", 
  "eventualBG": 145, 
  "timestamp": "2016-05-07T23:41:30.681470", 
  "duration": 30, 
  "tick": "+6"
}