{
  "bg": 180, 
  "temp": "absolute", 
  "snoozeBG": 153, 
  "recieved": true, 
  "predBGs": {
    "COB": [
      180, 
      184, 
      188, 
      191, 
      194, 
      197, 
      199, 
      201, 
      203, 
      203, 
      203, 
      202, 
      201, 
      199, 
      197, 
      195, 
      192, 
      189, 
      186, 
      183, 
      180, 
      177, 
      174, 
      172, 
      169, 
      167, 
      165, 
      163, 
      161, 
      160, 
      159, 
      157, 
      156, 
      155, 
      154, 
      154, 
      153
    ], 
    "aCOB": [
      180, 
      186, 
      192, 
      198, 
      203, 
      207, 
      211, 
      214, 
      217, 
      219, 
      219, 
      219, 
      219, 
      217, 
      215, 
      213, 
      210, 
      207, 
      203, 
      199, 
      195, 
      191, 
      187, 
      183, 
      179, 
      175, 
      171, 
      168, 
      164, 
      162, 
      159, 
      157, 
      156, 
      154, 
      153, 
      152
    ], 
    "IOB": [
      180, 
      183, 
      186, 
      188, 
      190, 
      191, 
      191, 
      190, 
      188, 
      185, 
      181, 
      176, 
      170, 
      163, 
      157, 
      150, 
      143, 
      137, 
      130, 
      124, 
      117, 
      111, 
      106, 
      101, 
      96, 
      92, 
      88, 
      84, 
      81, 
      78, 
      76, 
      74, 
      72, 
      71, 
      70, 
      69, 
      68
    ]
  }, 
  "rate": 1.55, 
  "reason": "COB: 24, Dev: 44, BGI: -3.35, ISF: 86, Target: 115; Eventual BG 153>=115, 28m@1.600 = 0.747 > req 0.4418604651162791+0.1U", 
  "eventualBG": 153, 
  "timestamp": "2016-05-24T21:37:15.230431", 
  "duration": 30, 
  "tick": "+4"
}