{
  "bg": 103, 
  "temp": "absolute", 
  "snoozeBG": 135, 
  "recieved": true, 
  "predBGs": {
    "COB": [
      103, 
      106, 
      109, 
      113, 
      117, 
      121, 
      125, 
      129, 
      133, 
      138, 
      142, 
      147, 
      151, 
      155, 
      159, 
      162, 
      165, 
      168, 
      170, 
      173, 
      175, 
      177, 
      179, 
      182, 
      184, 
      186, 
      188, 
      190, 
      192, 
      194, 
      197, 
      199, 
      201, 
      204, 
      206, 
      209, 
      211
    ], 
    "aCOB": [
      103, 
      111, 
      119, 
      127, 
      135, 
      143, 
      151, 
      159, 
      166, 
      174, 
      182, 
      189, 
      197, 
      203, 
      209, 
      215, 
      220, 
      225, 
      229, 
      233, 
      237, 
      241, 
      244, 
      247, 
      250, 
      253, 
      255, 
      258, 
      260, 
      262, 
      264, 
      266, 
      268, 
      270, 
      271, 
      273, 
      274
    ], 
    "IOB": [
      103, 
      106, 
      108, 
      111, 
      113, 
      115, 
      117, 
      119, 
      120, 
      121, 
      122, 
      123, 
      123, 
      122, 
      122, 
      121, 
      120, 
      118, 
      117, 
      115, 
      114, 
      112, 
      111, 
      109, 
      107, 
      106, 
      105, 
      103, 
      102, 
      101, 
      100, 
      99, 
      98, 
      97, 
      97, 
      96
    ]
  }, 
  "rate": 1.35, 
  "reason": "COB: 48, Dev: 30, BGI: -2.05, ISF: 72.1, Target: 115; Eventual BG 211>=115, 27m@1.095 = 0.493 > req 0.2773925104022192+0.1U", 
  "eventualBG": 211, 
  "timestamp": "2016-05-16T21:52:56.715259", 
  "duration": 30, 
  "tick": "+3"
}