{
  "requested": {
    "duration": 30, 
    "rate": 1.2, 
    "temp": "absolute"
  }, 
  "bg": 115, 
  "temp": "absolute", 
  "snoozeBG": 135, 
  "timestamp": "2016-05-28T23:20:22.820621", 
  "predBGs": {
    "COB": [
      115, 
      118, 
      121, 
      125, 
      128, 
      132, 
      135, 
      138, 
      141, 
      143, 
      145, 
      147, 
      147, 
      148, 
      148, 
      148, 
      147, 
      146, 
      145, 
      144, 
      143, 
      142, 
      141, 
      140, 
      140, 
      139, 
      139, 
      138, 
      138, 
      138, 
      138, 
      139, 
      139, 
      140, 
      141, 
      142, 
      143
    ], 
    "aCOB": [
      115, 
      126, 
      136, 
      147, 
      157, 
      167, 
      177, 
      187, 
      195, 
      203, 
      210, 
      216, 
      222, 
      227, 
      231, 
      235, 
      238, 
      240, 
      242, 
      244, 
      245, 
      246, 
      247, 
      248, 
      249, 
      249, 
      250, 
      250, 
      250, 
      250, 
      250, 
      250, 
      249, 
      249, 
      249, 
      248
    ], 
    "IOB": [
      115, 
      118, 
      121, 
      124, 
      127, 
      129, 
      132, 
      134, 
      136, 
      136, 
      137, 
      136, 
      135, 
      134, 
      132, 
      130, 
      128, 
      125, 
      122, 
      119, 
      117, 
      114, 
      111, 
      109, 
      106, 
      104, 
      102, 
      100, 
      98, 
      96, 
      95, 
      93, 
      92, 
      92, 
      91, 
      90
    ]
  }, 
  "rate": 2.125, 
  "reason": "COB: 33, Dev: 12, BGI: 1.01, ISF: 84.2, Target: 115; Eventual BG 143>=115, 23m@1.415 = 0.542 > req 0.2375296912114014+0.1U", 
  "eventualBG": 143, 
  "recieved": false, 
  "duration": 23, 
  "tick": "+3"
}