{
  "bg": 104, 
  "temp": "absolute", 
  "snoozeBG": 116, 
  "recieved": true, 
  "predBGs": {
    "COB": [
      104, 
      105, 
      106, 
      107, 
      108, 
      109, 
      110, 
      112, 
      113, 
      114, 
      115, 
      117, 
      118, 
      119, 
      120, 
      121, 
      123, 
      124, 
      126, 
      128, 
      130, 
      131, 
      133, 
      135, 
      137, 
      139, 
      141, 
      143, 
      145, 
      148, 
      150, 
      152, 
      155, 
      158, 
      161, 
      164, 
      167
    ], 
    "aCOB": [
      104, 
      110, 
      115, 
      121, 
      127, 
      132, 
      138, 
      143, 
      148, 
      154, 
      158, 
      163, 
      168, 
      172, 
      177, 
      181, 
      186, 
      190, 
      194, 
      199, 
      203, 
      207, 
      211, 
      215, 
      219, 
      223, 
      226, 
      230, 
      234, 
      237, 
      241, 
      245, 
      248, 
      252, 
      255, 
      259, 
      263
    ], 
    "IOB": [
      104, 
      104, 
      105, 
      104, 
      104, 
      104, 
      103, 
      101, 
      100, 
      97, 
      95, 
      92, 
      89, 
      85, 
      82, 
      79, 
      76, 
      73, 
      71, 
      68, 
      66, 
      64, 
      61, 
      59, 
      57, 
      55, 
      53, 
      51, 
      50, 
      48, 
      47, 
      46, 
      45, 
      44, 
      44, 
      43
    ]
  }, 
  "rate": 0.85, 
  "reason": "COB: 65, Dev: 32, BGI: -4.25, Target: 115; Eventual BG 167>=115, 27m@0.870 = 0.391 > req 0.013755158184319119+0.1U", 
  "eventualBG": 167, 
  "timestamp": "2016-05-12T22:31:32.046587", 
  "duration": 30, 
  "tick": "+1"
}