{
  "bg": 137, 
  "temp": "absolute", 
  "snoozeBG": 128, 
  "recieved": true, 
  "predBGs": {
    "COB": [
      137, 
      137, 
      137, 
      137, 
      137, 
      136, 
      136, 
      135, 
      135, 
      134, 
      134, 
      133, 
      132, 
      132, 
      131, 
      130, 
      130, 
      129, 
      129, 
      128, 
      128, 
      128, 
      128, 
      129, 
      129, 
      130, 
      131, 
      132, 
      133, 
      135, 
      136, 
      138, 
      139, 
      141, 
      143, 
      145, 
      147
    ], 
    "aCOB": [
      137, 
      144, 
      151, 
      157, 
      163, 
      169, 
      174, 
      180, 
      185, 
      190, 
      195, 
      199, 
      204, 
      208, 
      212, 
      216, 
      220, 
      223, 
      227, 
      230, 
      234, 
      238, 
      241, 
      245, 
      248, 
      252, 
      256, 
      259, 
      263, 
      267, 
      270, 
      274, 
      277, 
      281, 
      284, 
      287, 
      291
    ], 
    "IOB": [
      137, 
      137, 
      136, 
      136, 
      134, 
      133, 
      131, 
      129, 
      126, 
      124, 
      121, 
      118, 
      114, 
      111, 
      107, 
      104, 
      101, 
      97, 
      94, 
      91, 
      88, 
      85, 
      83, 
      81, 
      79, 
      77, 
      75, 
      74, 
      72, 
      71, 
      70, 
      69, 
      69, 
      68, 
      67
    ]
  }, 
  "rate": 0.8, 
  "reason": "COB: 58, Dev: 18, BGI: -2.92, Target: 115; Eventual BG 147>=120, 25m@1.185 = 0.494 > req 0.16905071521456436+0.1U", 
  "eventualBG": 147, 
  "timestamp": "2016-04-20T00:04:15.087598", 
  "duration": 30, 
  "tick": "+0"
}