{
  "bg": 109, 
  "temp": "absolute", 
  "snoozeBG": 139, 
  "recieved": true, 
  "predBGs": {
    "COB": [
      109, 
      114, 
      119, 
      125, 
      130, 
      135, 
      139, 
      143, 
      147, 
      151, 
      155, 
      158, 
      161, 
      164, 
      166, 
      168, 
      170, 
      172, 
      174, 
      176, 
      177, 
      179, 
      180, 
      182, 
      184, 
      185, 
      187, 
      189, 
      191, 
      193, 
      195, 
      198, 
      200, 
      202, 
      205, 
      207, 
      210
    ], 
    "aCOB": [
      109, 
      120, 
      131, 
      142, 
      152, 
      162, 
      172, 
      181, 
      190, 
      198, 
      206, 
      214, 
      221, 
      228, 
      234, 
      240, 
      245, 
      251, 
      256, 
      260, 
      265, 
      269, 
      273, 
      277, 
      281, 
      285, 
      289, 
      293, 
      296, 
      300, 
      304, 
      307, 
      310, 
      314, 
      317, 
      320, 
      323
    ], 
    "IOB": [
      109, 
      114, 
      119, 
      123, 
      127, 
      130, 
      133, 
      135, 
      136, 
      137, 
      138, 
      138, 
      137, 
      136, 
      135, 
      134, 
      132, 
      131, 
      129, 
      127, 
      125, 
      123, 
      122, 
      120, 
      118, 
      117, 
      116, 
      114, 
      113, 
      112, 
      111, 
      110, 
      109, 
      109, 
      108, 
      108, 
      107
    ]
  }, 
  "rate": 1.375, 
  "reason": "COB: 56, Dev: 23, BGI: 1.09, Target: 115; Eventual BG 210>=120, 29m@0.855 = 0.413 > req 0.3088803088803089+0.1U", 
  "eventualBG": 210, 
  "timestamp": "2016-04-19T22:36:54.755395", 
  "duration": 30, 
  "tick": "+5"
}