{
  "bg": 167, 
  "temp": "absolute", 
  "snoozeBG": 132, 
  "recieved": true, 
  "predBGs": {
    "COB": [
      167, 
      167, 
      167, 
      166, 
      165, 
      164, 
      163, 
      161, 
      160, 
      158, 
      156, 
      154, 
      152, 
      150, 
      148, 
      146, 
      144, 
      142, 
      141, 
      139, 
      137, 
      136, 
      135, 
      134, 
      133, 
      133, 
      132, 
      132, 
      132, 
      132, 
      133, 
      133, 
      133, 
      134, 
      135, 
      135, 
      136
    ], 
    "aCOB": [
      167, 
      173, 
      178, 
      182, 
      186, 
      189, 
      191, 
      192, 
      194, 
      194, 
      194, 
      193, 
      192, 
      191, 
      189, 
      186, 
      184, 
      181, 
      177, 
      173, 
      169, 
      166, 
      163, 
      160, 
      157, 
      154, 
      152, 
      150, 
      148, 
      147, 
      145, 
      144, 
      143, 
      143, 
      142, 
      141
    ], 
    "IOB": [
      167, 
      167, 
      166, 
      164, 
      163, 
      160, 
      158, 
      155, 
      151, 
      147, 
      143, 
      138, 
      133, 
      128, 
      124, 
      119, 
      114, 
      110, 
      106, 
      102, 
      98, 
      94, 
      91, 
      88, 
      85, 
      83, 
      81, 
      79, 
      77, 
      75, 
      74, 
      73, 
      72, 
      71, 
      70
    ]
  }, 
  "rate": 1.35, 
  "reason": "COB: 22, Dev: 23, BGI: -3.82, ISF: 70.8, Target: 115; Eventual BG 136>=115, 27m@1.150 = 0.517 > req 0.2401129943502825+0.1U", 
  "eventualBG": 136, 
  "timestamp": "2016-05-31T23:55:05.497200", 
  "duration": 30, 
  "tick": "+0"
}