{
  "bg": 137, 
  "temp": "absolute", 
  "snoozeBG": 144, 
  "recieved": true, 
  "predBGs": {
    "COB": [
      137, 
      139, 
      141, 
      143, 
      145, 
      147, 
      149, 
      151, 
      152, 
      154, 
      155, 
      156, 
      156, 
      156, 
      157, 
      157, 
      156, 
      156, 
      156, 
      155, 
      154, 
      154, 
      153, 
      153, 
      152, 
      151, 
      150, 
      150, 
      149, 
      148, 
      147, 
      147, 
      146, 
      146, 
      145, 
      145, 
      144
    ], 
    "aCOB": [
      137, 
      142, 
      147, 
      152, 
      157, 
      162, 
      166, 
      169, 
      172, 
      175, 
      177, 
      179, 
      180, 
      180, 
      180, 
      180, 
      179, 
      178, 
      176, 
      174, 
      172, 
      169, 
      167, 
      164, 
      161, 
      158, 
      156, 
      154, 
      151, 
      150, 
      148, 
      146, 
      145, 
      144, 
      143, 
      143, 
      142
    ], 
    "IOB": [
      137, 
      138, 
      140, 
      141, 
      142, 
      142, 
      142, 
      141, 
      140, 
      138, 
      136, 
      133, 
      129, 
      125, 
      122, 
      118, 
      114, 
      111, 
      107, 
      104, 
      100, 
      97, 
      94, 
      91, 
      88, 
      86, 
      83, 
      81, 
      79, 
      77, 
      75, 
      74, 
      73, 
      72, 
      71, 
      70
    ]
  }, 
  "rate": 1.95, 
  "reason": "COB: 26, Dev: 38, BGI: -4.28, ISF: 69, Target: 107; Eventual BG 144>=107, 28m@1.380 = 0.644 > req 0.5362318840579711+0.1U", 
  "COB": 26, 
  "eventualBG": 144, 
  "timestamp": "2016-06-06T22:03:19.157651", 
  "duration": 30, 
  "tick": "+2", 
  "IOB": 0.775
}