{
  "bg": 119, 
  "temp": "absolute", 
  "snoozeBG": 142, 
  "recieved": true, 
  "predBGs": {
    "COB": [
      119, 
      124, 
      129, 
      133, 
      138, 
      142, 
      145, 
      148, 
      151, 
      152, 
      154, 
      154, 
      154, 
      154, 
      153, 
      152, 
      151, 
      150, 
      148, 
      147, 
      145, 
      144, 
      142, 
      141, 
      140, 
      139, 
      137, 
      136, 
      136, 
      135, 
      134
    ], 
    "aCOB": [
      119, 
      129, 
      138, 
      147, 
      155, 
      162, 
      169, 
      174, 
      178, 
      182, 
      184, 
      185, 
      186, 
      185, 
      184, 
      182, 
      179, 
      176, 
      172, 
      168, 
      165, 
      161, 
      157, 
      154, 
      151, 
      148, 
      145, 
      143, 
      141, 
      139, 
      137, 
      136, 
      134, 
      134, 
      133, 
      132
    ], 
    "IOB": [
      119, 
      124, 
      128, 
      132, 
      135, 
      138, 
      140, 
      141, 
      141, 
      140, 
      139, 
      137, 
      133, 
      130, 
      126, 
      123, 
      119, 
      115, 
      111, 
      107, 
      103, 
      99, 
      96, 
      92, 
      89, 
      86, 
      84, 
      81, 
      79, 
      77, 
      75, 
      74, 
      73, 
      72, 
      71, 
      71, 
      70
    ]
  }, 
  "rate": 1.55, 
  "reason": "COB: 23, Dev: 27, BGI: 0.42, ISF: 64, Target: 115; Eventual BG 134>=115, 28m@1.310 = 0.611 > req 0.296875+0.1U", 
  "eventualBG": 134, 
  "timestamp": "2016-06-02T22:30:09.530019", 
  "duration": 30, 
  "tick": "+5"
}