{
  "bg": 119, 
  "temp": "absolute", 
  "snoozeBG": 230, 
  "recieved": true, 
  "predBGs": {
    "COB": [
      119, 
      126, 
      133, 
      139, 
      144, 
      149, 
      154, 
      157, 
      160, 
      162, 
      163, 
      163, 
      163, 
      161, 
      159, 
      156, 
      152, 
      148, 
      145, 
      141, 
      137, 
      133, 
      129, 
      126, 
      122, 
      119, 
      116, 
      113, 
      110, 
      108, 
      106, 
      104, 
      102, 
      100, 
      99, 
      98, 
      97
    ], 
    "aCOB": [
      119, 
      130, 
      139, 
      148, 
      157, 
      164, 
      170, 
      175, 
      180, 
      183, 
      185, 
      186, 
      186, 
      185, 
      182, 
      179, 
      174, 
      170, 
      164, 
      159, 
      153, 
      148, 
      142, 
      136, 
      131, 
      126, 
      121, 
      116, 
      113, 
      109, 
      106, 
      103, 
      101, 
      99, 
      97, 
      96, 
      95
    ], 
    "IOB": [
      119, 
      126, 
      132, 
      137, 
      141, 
      144, 
      146, 
      147, 
      147, 
      146, 
      144, 
      140, 
      136, 
      130, 
      124, 
      118, 
      111, 
      103, 
      96, 
      90, 
      83, 
      77, 
      71, 
      65, 
      60, 
      55, 
      50, 
      46, 
      42, 
      39
    ]
  }, 
  "rate": 0.925, 
  "reason": "COB: 18, Dev: 38, BGI: 1.03, ISF: 86, Target: 80; Eventual BG 97>=80, 28m@1.095 = 0.511 > req 0.19767441860465115+0.1U", 
  "eventualBG": 97, 
  "timestamp": "2016-05-23T06:56:56.019523", 
  "duration": 30, 
  "tick": "+9"
}