{
  "requested": {
    "duration": 30, 
    "rate": 0.9, 
    "temp": "absolute"
  }, 
  "bg": 161, 
  "temp": "absolute", 
  "snoozeBG": 172, 
  "timestamp": "2016-04-30T20:32:57.402205", 
  "predBGs": {
    "COB": [
      161, 
      171, 
      179, 
      185, 
      190, 
      193, 
      196, 
      197, 
      198, 
      197, 
      196, 
      195, 
      192, 
      189, 
      186, 
      182, 
      178, 
      173, 
      169, 
      165, 
      162, 
      158, 
      155, 
      152, 
      149, 
      146, 
      144, 
      141, 
      137, 
      134, 
      132, 
      130, 
      128, 
      126, 
      125, 
      125, 
      124
    ], 
    "aCOB": [
      161, 
      162, 
      162, 
      161, 
      159, 
      156, 
      152, 
      148, 
      143, 
      138, 
      133, 
      128, 
      122, 
      116, 
      110, 
      105, 
      99, 
      94, 
      90, 
      86, 
      83, 
      81, 
      79, 
      78, 
      78, 
      78, 
      79, 
      80, 
      81, 
      83, 
      85, 
      87, 
      89, 
      92, 
      94, 
      97, 
      100
    ], 
    "IOB": [
      161, 
      170, 
      176, 
      180, 
      181, 
      180, 
      177, 
      172, 
      165, 
      156, 
      146, 
      134, 
      121, 
      107, 
      94, 
      81, 
      69, 
      57, 
      46, 
      39
    ]
  }, 
  "rate": 1.85, 
  "reason": "COB: 53, Dev: 112, BGI: -8.32, Target: 115; Eventual BG 124>=115, 30m@1.160 = 0.580 > req 0.11029411764705883+0.1U", 
  "eventualBG": 124, 
  "recieved": false, 
  "duration": 29, 
  "tick": "+14"
}