{
  "bg": 167, 
  "temp": "absolute", 
  "snoozeBG": 141, 
  "recieved": true, 
  "predBGs": {
    "COB": [
      167, 
      170, 
      172, 
      174, 
      175, 
      177, 
      177, 
      178, 
      178, 
      177, 
      177, 
      176, 
      175, 
      174, 
      172, 
      171, 
      169, 
      167, 
      165, 
      164, 
      162, 
      160, 
      158, 
      157, 
      155, 
      154, 
      152, 
      151, 
      149, 
      148, 
      146, 
      145, 
      144, 
      143, 
      142, 
      142, 
      141
    ], 
    "aCOB": [
      167, 
      173, 
      178, 
      182, 
      186, 
      189, 
      191, 
      193, 
      194, 
      195, 
      195, 
      194, 
      193, 
      191, 
      189, 
      187, 
      184, 
      181, 
      178, 
      174, 
      170, 
      166, 
      163, 
      160, 
      157, 
      154, 
      152, 
      150, 
      148, 
      146, 
      145, 
      143, 
      142, 
      141, 
      141, 
      140
    ], 
    "IOB": [
      167, 
      169, 
      171, 
      172, 
      172, 
      172, 
      170, 
      168, 
      166, 
      162, 
      158, 
      154, 
      149, 
      144, 
      139, 
      134, 
      129, 
      125, 
      120, 
      116, 
      112, 
      108, 
      105, 
      101, 
      99, 
      96, 
      94, 
      91, 
      90, 
      88, 
      86, 
      85, 
      84, 
      83, 
      83, 
      82
    ]
  }, 
  "rate": 1.55, 
  "reason": "COB: 22, Dev: 40, BGI: -3.74, ISF: 72.7, Target: 115; Eventual BG 141>=115, 28m@1.170 = 0.546 > req 0.3576341127922971+0.1U", 
  "eventualBG": 141, 
  "timestamp": "2016-05-31T23:49:17.081410", 
  "duration": 30, 
  "tick": "+3"
}