{
  "bg": 121, 
  "temp": "absolute", 
  "snoozeBG": 125, 
  "recieved": true, 
  "predBGs": {
    "COB": [
      121, 
      121, 
      122, 
      123, 
      123, 
      124, 
      125, 
      126, 
      127, 
      127, 
      128, 
      129, 
      130, 
      131, 
      132, 
      133, 
      134, 
      136, 
      137, 
      138, 
      139, 
      141, 
      142, 
      144, 
      146, 
      147, 
      149, 
      151, 
      153, 
      155, 
      157, 
      160, 
      162, 
      164, 
      167, 
      169, 
      172
    ], 
    "aCOB": [
      121, 
      127, 
      134, 
      140, 
      146, 
      152, 
      158, 
      163, 
      169, 
      174, 
      180, 
      185, 
      190, 
      195, 
      199, 
      204, 
      209, 
      213, 
      217, 
      222, 
      226, 
      230, 
      234, 
      238, 
      241, 
      245, 
      249, 
      252, 
      256, 
      259, 
      263, 
      266, 
      269, 
      272, 
      275, 
      278, 
      281
    ], 
    "IOB": [
      121, 
      121, 
      121, 
      121, 
      120, 
      120, 
      119, 
      117, 
      116, 
      114, 
      112, 
      109, 
      107, 
      104, 
      101, 
      99, 
      97, 
      94, 
      92, 
      90, 
      88, 
      86, 
      84, 
      82, 
      81, 
      79, 
      78, 
      77, 
      75, 
      74, 
      74, 
      73, 
      72, 
      71
    ]
  }, 
  "rate": 0.675, 
  "reason": "COB: 53, Dev: 27, BGI: -3.47, Target: 115; Eventual BG 172>=120, 22m@0.900 = 0.330 > req 0.11248593925759279+0.1U", 
  "eventualBG": 172, 
  "timestamp": "2016-04-25T15:13:11.951723", 
  "duration": 30, 
  "tick": "+1"
}