{
  "bg": 195, 
  "temp": "absolute", 
  "snoozeBG": 136, 
  "recieved": true, 
  "predBGs": {
    "IOB": [
      195, 
      194, 
      193, 
      191, 
      189, 
      186, 
      183, 
      179, 
      175, 
      170, 
      165, 
      160, 
      154, 
      149, 
      143, 
      138, 
      133, 
      128, 
      123, 
      119, 
      115, 
      111, 
      108, 
      106, 
      103, 
      101, 
      99, 
      97, 
      96, 
      94, 
      93, 
      92, 
      91, 
      90, 
      90, 
      89
    ]
  }, 
  "rate": 0.8, 
  "reason": "COB: 0, Dev: 38, BGI: -6.3, ISF: 85.1, Target: 119; Eventual BG 136>=119, 27m@1.025 = 0.461 > req 0.19976498237367804+0.1U", 
  "COB": 0, 
  "eventualBG": 136, 
  "timestamp": "2016-06-07T00:54:12.225491", 
  "duration": 30, 
  "tick": "+0", 
  "IOB": 1.139
}