{
  "bg": 155, 
  "temp": "absolute", 
  "snoozeBG": 137, 
  "recieved": true, 
  "predBGs": {
    "COB": [
      155, 
      156, 
      157, 
      158, 
      158, 
      159, 
      159, 
      159, 
      158, 
      157, 
      156, 
      155, 
      154, 
      152, 
      151, 
      149, 
      147, 
      146, 
      144, 
      142, 
      141, 
      140, 
      139, 
      138, 
      137, 
      137, 
      137, 
      137, 
      137, 
      137, 
      137, 
      138, 
      138, 
      138, 
      139, 
      140
    ], 
    "aCOB": [
      155, 
      161, 
      167, 
      173, 
      178, 
      182, 
      185, 
      188, 
      190, 
      192, 
      193, 
      193, 
      192, 
      191, 
      190, 
      188, 
      185, 
      182, 
      179, 
      175, 
      172, 
      168, 
      165, 
      162, 
      159, 
      157, 
      155, 
      153, 
      151, 
      150, 
      148, 
      147, 
      146, 
      145, 
      145, 
      144
    ], 
    "IOB": [
      155, 
      156, 
      156, 
      156, 
      156, 
      155, 
      153, 
      151, 
      149, 
      146, 
      142, 
      138, 
      134, 
      129, 
      125, 
      120, 
      116, 
      111, 
      107, 
      103, 
      99, 
      96, 
      92, 
      89, 
      87, 
      84, 
      82, 
      80, 
      79, 
      77, 
      76, 
      75, 
      74, 
      73, 
      72, 
      72, 
      71
    ]
  }, 
  "rate": 1.425, 
  "reason": "COB: 22, Dev: 24, BGI: -3.05, ISF: 72.7, Target: 115; Eventual BG 140>=115, 28m@1.170 = 0.546 > req 0.30261348005502064+0.1U", 
  "eventualBG": 140, 
  "timestamp": "2016-05-31T23:14:12.349802", 
  "duration": 30, 
  "tick": "+1"
}