{
  "bg": 135, 
  "temp": "absolute", 
  "snoozeBG": 142, 
  "recieved": true, 
  "predBGs": {
    "COB": [
      135, 
      139, 
      143, 
      146, 
      150, 
      152, 
      154, 
      156, 
      157, 
      158, 
      158, 
      158, 
      157, 
      156, 
      155, 
      154, 
      153, 
      151, 
      150, 
      148, 
      147, 
      145, 
      144, 
      143, 
      143, 
      142, 
      142, 
      142, 
      142, 
      143, 
      143, 
      144, 
      145, 
      146, 
      147, 
      149, 
      150
    ], 
    "aCOB": [
      135, 
      146, 
      157, 
      167, 
      177, 
      186, 
      194, 
      201, 
      208, 
      214, 
      219, 
      223, 
      227, 
      230, 
      233, 
      235, 
      237, 
      238, 
      239, 
      240, 
      241, 
      242, 
      242, 
      243, 
      243, 
      244, 
      244, 
      244, 
      244, 
      245, 
      245, 
      245, 
      245, 
      245, 
      245, 
      244
    ], 
    "IOB": [
      135, 
      139, 
      142, 
      145, 
      148, 
      149, 
      150, 
      151, 
      150, 
      149, 
      148, 
      145, 
      142, 
      139, 
      136, 
      133, 
      129, 
      125, 
      121, 
      118, 
      114, 
      111, 
      108, 
      105, 
      102, 
      99, 
      97, 
      95, 
      93, 
      91, 
      90, 
      89, 
      88, 
      87, 
      87, 
      86
    ]
  }, 
  "rate": 1.375, 
  "reason": "COB: 35, Dev: 15, BGI: 1.49, ISF: 80.8, Target: 115; Eventual BG 150>=115, 28m@1.010 = 0.471 > req 0.3341584158415842+0.1U", 
  "eventualBG": 150, 
  "timestamp": "2016-05-29T23:53:15.971941", 
  "duration": 30, 
  "tick": "+5"
}