{
  "bg": 176, 
  "temp": "absolute", 
  "snoozeBG": 171, 
  "recieved": true, 
  "predBGs": {
    "COB": [
      176, 
      179, 
      181, 
      183, 
      184, 
      185, 
      186, 
      186, 
      185, 
      185, 
      184, 
      182, 
      181, 
      180, 
      178, 
      177, 
      175, 
      174, 
      173, 
      172, 
      172, 
      171, 
      171, 
      171, 
      172, 
      172, 
      173, 
      174, 
      176, 
      177, 
      179, 
      181, 
      183, 
      185, 
      188, 
      190, 
      192
    ], 
    "aCOB": [
      176, 
      184, 
      192, 
      200, 
      206, 
      212, 
      217, 
      222, 
      226, 
      229, 
      232, 
      235, 
      237, 
      239, 
      241, 
      242, 
      244, 
      245, 
      246, 
      248, 
      249, 
      250, 
      252, 
      253, 
      255, 
      256, 
      258, 
      260, 
      261, 
      263, 
      265, 
      266, 
      268, 
      269, 
      271, 
      272, 
      273
    ], 
    "IOB": [
      176, 
      178, 
      180, 
      181, 
      181, 
      181, 
      179, 
      177, 
      175, 
      171, 
      167, 
      163, 
      158, 
      153, 
      148, 
      143, 
      138, 
      134, 
      130, 
      125, 
      122, 
      118, 
      115, 
      112, 
      109, 
      107, 
      105, 
      103, 
      101, 
      100, 
      99, 
      98, 
      97, 
      97, 
      97, 
      96
    ]
  }, 
  "rate": 1.5, 
  "reason": "COB: 54, Dev: 26, BGI: -1.35, Target: 140; Eventual BG 192>=140, 30m@1.420 = 0.710 > req 0.4492753623188406+0.1U", 
  "eventualBG": 192, 
  "timestamp": "2016-05-09T16:52:16.768501", 
  "duration": 30, 
  "tick": "+3"
}