{
  "bg": 149, 
  "temp": "absolute", 
  "snoozeBG": 155, 
  "recieved": true, 
  "predBGs": {
    "COB": [
      149, 
      154, 
      158, 
      163, 
      167, 
      171, 
      174, 
      177, 
      178, 
      179, 
      179, 
      179, 
      178, 
      177, 
      175, 
      174, 
      172, 
      170, 
      168, 
      166, 
      164, 
      162, 
      160, 
      159, 
      157, 
      156, 
      156, 
      155, 
      155, 
      155, 
      155, 
      155, 
      155, 
      156, 
      156, 
      157
    ], 
    "aCOB": [
      149, 
      156, 
      162, 
      168, 
      174, 
      179, 
      184, 
      188, 
      190, 
      192, 
      193, 
      194, 
      193, 
      193, 
      192, 
      190, 
      189, 
      187, 
      185, 
      183, 
      180, 
      178, 
      176, 
      174, 
      172, 
      171, 
      169, 
      167, 
      166, 
      165, 
      164, 
      163, 
      161, 
      160, 
      159, 
      159, 
      158
    ], 
    "IOB": [
      149, 
      153, 
      157, 
      160, 
      162, 
      164, 
      164, 
      164, 
      161, 
      158, 
      153, 
      148, 
      141, 
      135, 
      128, 
      121, 
      114, 
      107, 
      101, 
      95, 
      89, 
      83, 
      78, 
      73, 
      68, 
      64, 
      60, 
      57, 
      54, 
      52, 
      50, 
      48, 
      47, 
      46, 
      45, 
      44
    ]
  }, 
  "rate": 2.0, 
  "reason": "COB: 37, Dev: 46, BGI: -3.01, Target: 115; Eventual BG 157>=120, 29m@1.400 = 0.677 > req 0.5649717514124294+0.1U", 
  "eventualBG": 157, 
  "timestamp": "2016-04-26T22:22:19.738273", 
  "duration": 30, 
  "tick": "+7"
}