{
  "bg": 154, 
  "temp": "absolute", 
  "snoozeBG": 153, 
  "recieved": true, 
  "predBGs": {
    "COB": [
      154, 
      154, 
      153, 
      153, 
      153, 
      153, 
      153, 
      153, 
      153, 
      153, 
      153, 
      153, 
      153, 
      153, 
      154, 
      154, 
      154, 
      155, 
      155, 
      155, 
      155, 
      156, 
      157, 
      157, 
      158, 
      159, 
      160, 
      161, 
      163, 
      164, 
      166, 
      168, 
      170, 
      171, 
      173, 
      176, 
      178
    ], 
    "aCOB": [
      154, 
      158, 
      163, 
      167, 
      171, 
      175, 
      179, 
      182, 
      186, 
      189, 
      192, 
      195, 
      198, 
      201, 
      204, 
      206, 
      208, 
      210, 
      212, 
      214, 
      215, 
      216, 
      218, 
      219, 
      220, 
      222, 
      223, 
      224, 
      225, 
      226, 
      227, 
      227, 
      228, 
      229, 
      229, 
      229, 
      230
    ], 
    "IOB": [
      154, 
      153, 
      152, 
      151, 
      149, 
      147, 
      145, 
      143, 
      140, 
      137, 
      133, 
      130, 
      126, 
      122, 
      118, 
      114, 
      111, 
      107, 
      103, 
      100, 
      96, 
      93, 
      90, 
      87, 
      85, 
      82, 
      80, 
      78, 
      76, 
      75, 
      73, 
      72, 
      71, 
      70, 
      69, 
      69, 
      68
    ]
  }, 
  "rate": 2.0, 
  "reason": "COB: 46, Dev: 33, BGI: -5.42, Target: 115; Eventual BG 178>=120, 30m@1.360 = 0.680 > req 0.56047197640118+0.1U", 
  "eventualBG": 178, 
  "timestamp": "2016-04-26T23:50:47.800420", 
  "duration": 30, 
  "tick": "+0"
}