{
  "bg": 137, 
  "temp": "absolute", 
  "snoozeBG": 131, 
  "recieved": true, 
  "predBGs": {
    "COB": [
      137, 
      137, 
      137, 
      137, 
      138, 
      138, 
      138, 
      139, 
      139, 
      139, 
      139, 
      139, 
      138, 
      138, 
      137, 
      136, 
      136, 
      135, 
      135, 
      134, 
      134, 
      133, 
      133, 
      132, 
      132, 
      132, 
      131, 
      131, 
      131, 
      132, 
      132, 
      132, 
      133, 
      134, 
      134, 
      135, 
      136
    ], 
    "aCOB": [
      137, 
      143, 
      148, 
      153, 
      158, 
      162, 
      166, 
      170, 
      173, 
      175, 
      177, 
      179, 
      180, 
      180, 
      180, 
      180, 
      179, 
      178, 
      176, 
      174, 
      172, 
      169, 
      166, 
      163, 
      161, 
      159, 
      156, 
      154, 
      152, 
      151, 
      149, 
      148, 
      147, 
      146, 
      145
    ], 
    "IOB": [
      137, 
      137, 
      136, 
      136, 
      135, 
      134, 
      133, 
      131, 
      130, 
      127, 
      125, 
      121, 
      118, 
      114, 
      111, 
      107, 
      104, 
      101, 
      97, 
      94, 
      91, 
      88, 
      85, 
      83, 
      80, 
      78, 
      75, 
      73, 
      71, 
      70, 
      68, 
      67, 
      66, 
      65, 
      65, 
      64
    ]
  }, 
  "rate": 1.55, 
  "reason": "COB: 25, Dev: 24, BGI: -4, ISF: 69, Target: 107; Eventual BG 136>=107, 27m@1.080 = 0.486 > req 0.34782608695652173+0.1U", 
  "COB": 25, 
  "eventualBG": 136, 
  "timestamp": "2016-06-06T22:08:53.897810", 
  "duration": 30, 
  "tick": "+0", 
  "IOB": 0.781
}