{
  "requested": {
    "duration": 30, 
    "rate": 1, 
    "temp": "absolute"
  }, 
  "bg": 166, 
  "temp": "absolute", 
  "snoozeBG": 133, 
  "timestamp": "2016-05-05T19:19:43.578893", 
  "predBGs": {
    "COB": [
      166, 
      167, 
      167, 
      167, 
      166, 
      166, 
      165, 
      164, 
      162, 
      161, 
      159, 
      157, 
      155, 
      153, 
      151, 
      149, 
      147, 
      145, 
      143, 
      141, 
      139, 
      137, 
      136, 
      135, 
      134, 
      133, 
      133, 
      133, 
      133, 
      133, 
      133, 
      134, 
      134, 
      135, 
      136, 
      137, 
      138
    ], 
    "aCOB": [
      166, 
      173, 
      179, 
      185, 
      190, 
      194, 
      197, 
      199, 
      201, 
      202, 
      203, 
      203, 
      202, 
      201, 
      199, 
      197, 
      194, 
      191, 
      187, 
      183, 
      179, 
      176, 
      172, 
      169, 
      166, 
      164, 
      162, 
      160, 
      158, 
      157, 
      156, 
      155, 
      154, 
      153, 
      152
    ], 
    "IOB": [
      166, 
      166, 
      166, 
      166, 
      164, 
      163, 
      161, 
      158, 
      155, 
      152, 
      148, 
      144, 
      140, 
      135, 
      131, 
      126, 
      122, 
      118, 
      113, 
      109, 
      105, 
      102, 
      98, 
      95, 
      93, 
      90, 
      88, 
      86, 
      84, 
      83, 
      82, 
      81, 
      80, 
      79, 
      79, 
      78
    ]
  }, 
  "rate": 1.6, 
  "reason": "COB: 20, Dev: 21, BGI: -2.44, Target: 115; Eventual BG 138>=115, 27m@1.070 = 0.481 > req 0.23622047244094488+0.1U", 
  "eventualBG": 138, 
  "recieved": false, 
  "duration": 26, 
  "tick": "+1"
}