{
  "bg": 162, 
  "temp": "absolute", 
  "snoozeBG": 148, 
  "recieved": true, 
  "predBGs": {
    "IOB": [
      162, 
      164, 
      165, 
      166, 
      167, 
      167, 
      167, 
      166, 
      165, 
      163, 
      161, 
      159, 
      156, 
      153, 
      150, 
      147, 
      144, 
      141, 
      139, 
      136, 
      134, 
      132, 
      130, 
      128, 
      126, 
      124, 
      123, 
      122, 
      120, 
      120, 
      119, 
      118, 
      118, 
      118, 
      118, 
      117
    ]
  }, 
  "rate": 0.325, 
  "reason": "COB: 0, Dev: 15, BGI: -0.44, ISF: 98.8, Target: 128; Eventual BG 129>=128, 22m@0.510 = 0.187 > req 0.010121457489878543+0.1U", 
  "COB": 0, 
  "eventualBG": 129, 
  "timestamp": "2016-06-06T01:38:16.257531", 
  "duration": 30, 
  "tick": "+2", 
  "IOB": 0.483
}