{
  "bg": 96, 
  "temp": "absolute", 
  "snoozeBG": 120, 
  "recieved": true, 
  "predBGs": {
    "COB": [
      96, 
      99, 
      103, 
      107, 
      112, 
      116, 
      120, 
      125, 
      129, 
      134, 
      138, 
      143, 
      147, 
      151, 
      154, 
      158, 
      161, 
      164, 
      168, 
      171, 
      173, 
      176, 
      178, 
      179, 
      180, 
      181, 
      181, 
      181, 
      180, 
      179, 
      178, 
      177, 
      176, 
      175, 
      175, 
      174
    ], 
    "aCOB": [
      96, 
      97, 
      98, 
      99, 
      101, 
      104, 
      106, 
      109, 
      112, 
      115, 
      118, 
      121, 
      125, 
      128, 
      131, 
      135, 
      138, 
      141, 
      145, 
      148, 
      152, 
      155, 
      157, 
      160, 
      162, 
      165, 
      166, 
      168, 
      170, 
      171, 
      172, 
      173, 
      174, 
      174, 
      175
    ], 
    "IOB": [
      96, 
      99, 
      101, 
      103, 
      105, 
      106, 
      107, 
      107, 
      106, 
      105, 
      103, 
      100, 
      97, 
      94, 
      91, 
      88, 
      85, 
      83, 
      81, 
      80, 
      78, 
      77, 
      75, 
      74, 
      73, 
      71, 
      70, 
      69, 
      68, 
      67, 
      66, 
      65, 
      64, 
      63, 
      62
    ]
  }, 
  "rate": 0.925, 
  "reason": "COB: 43, Dev: 78, BGI: -9.06, Target: 115; Eventual BG 174>=115, 26m@1.235 = 0.535 > req 0.07062146892655367+0.1U", 
  "eventualBG": 174, 
  "timestamp": "2016-05-04T21:27:41.622567", 
  "duration": 30, 
  "tick": "+4"
}