{
  "bg": 158, 
  "temp": "absolute", 
  "snoozeBG": 132, 
  "recieved": true, 
  "predBGs": {
    "COB": [
      158, 
      162, 
      165, 
      167, 
      169, 
      170, 
      171, 
      172, 
      172, 
      171, 
      171, 
      170, 
      168, 
      167, 
      165, 
      163, 
      161, 
      159, 
      156, 
      154, 
      152, 
      149, 
      147, 
      145, 
      143, 
      141, 
      139, 
      138, 
      137, 
      135, 
      134, 
      134, 
      133, 
      132, 
      132, 
      132, 
      131
    ], 
    "aCOB": [
      158, 
      167, 
      174, 
      180, 
      185, 
      188, 
      190, 
      191, 
      190, 
      188, 
      186, 
      182, 
      179, 
      175, 
      172, 
      168, 
      164, 
      161, 
      157, 
      154, 
      151, 
      148, 
      145, 
      143, 
      140, 
      138, 
      137, 
      135, 
      134, 
      133, 
      132, 
      131, 
      130, 
      129, 
      129, 
      129, 
      128
    ], 
    "IOB": [
      158, 
      161, 
      164, 
      166, 
      167, 
      168, 
      168, 
      167, 
      165, 
      163, 
      161, 
      158, 
      154, 
      151, 
      147, 
      144, 
      140, 
      136, 
      133, 
      129, 
      126, 
      123, 
      120, 
      118, 
      116, 
      114, 
      112, 
      110, 
      109, 
      108, 
      107, 
      106, 
      105, 
      105, 
      104
    ]
  }, 
  "rate": 1.25, 
  "reason": "COB: 11, Dev: 24, BGI: -0.3, Target: 115; Eventual BG 132>=115, 24m@0.950 = 0.380 > req 0.2272727272727273+0.1U", 
  "eventualBG": 132, 
  "timestamp": "2016-05-05T23:11:05.737113", 
  "duration": 30, 
  "tick": "+4"
}