{
  "bg": 205, 
  "temp": "absolute", 
  "snoozeBG": 146, 
  "recieved": true, 
  "predBGs": {
    "COB": [
      205, 
      207, 
      208, 
      209, 
      209, 
      208, 
      207, 
      205, 
      203, 
      200, 
      196, 
      193, 
      189, 
      185, 
      181, 
      177, 
      173, 
      170, 
      166, 
      163, 
      159, 
      157, 
      154, 
      152, 
      150, 
      149, 
      148, 
      147, 
      147, 
      146, 
      146, 
      147, 
      147, 
      147, 
      147, 
      148
    ], 
    "aCOB": [
      205, 
      211, 
      216, 
      220, 
      223, 
      225, 
      226, 
      226, 
      225, 
      224, 
      222, 
      220, 
      217, 
      214, 
      211, 
      207, 
      203, 
      199, 
      194, 
      190, 
      186, 
      182, 
      178, 
      174, 
      170, 
      166, 
      163, 
      160, 
      158, 
      156, 
      154, 
      152, 
      151, 
      150, 
      149, 
      149, 
      148
    ], 
    "IOB": [
      205, 
      207, 
      207, 
      207, 
      206, 
      203, 
      200, 
      195, 
      190, 
      184, 
      177, 
      169, 
      161, 
      153, 
      145, 
      137, 
      130, 
      122, 
      115, 
      109, 
      102, 
      97, 
      91, 
      87, 
      82, 
      78, 
      75, 
      72, 
      70, 
      68, 
      66, 
      64, 
      63, 
      62, 
      61, 
      61, 
      60
    ]
  }, 
  "rate": 1.8, 
  "reason": "COB: 30, Dev: 35, BGI: -3.83, Target: 115; Eventual BG 148>=115, 30m@1.360 = 0.680 > req 0.4613095238095238+0.1U", 
  "eventualBG": 148, 
  "timestamp": "2016-04-27T22:51:06.328075", 
  "duration": 30, 
  "tick": "+2"
}