{
  "bg": 129, 
  "temp": "absolute", 
  "snoozeBG": 160, 
  "recieved": true, 
  "predBGs": {
    "COB": [
      129, 
      133, 
      137, 
      141, 
      146, 
      149, 
      153, 
      156, 
      159, 
      161, 
      163, 
      165, 
      166, 
      167, 
      167, 
      167, 
      166, 
      165, 
      164, 
      162, 
      160, 
      158, 
      156, 
      153, 
      151, 
      149, 
      146, 
      144, 
      142, 
      141, 
      139, 
      138, 
      136, 
      135, 
      135, 
      134, 
      133
    ], 
    "aCOB": [
      129, 
      133, 
      137, 
      141, 
      145, 
      149, 
      152, 
      156, 
      158, 
      161, 
      163, 
      164, 
      166, 
      166, 
      166, 
      166, 
      166, 
      165, 
      164, 
      162, 
      160, 
      158, 
      156, 
      154, 
      151, 
      149, 
      147, 
      144, 
      143, 
      141, 
      139, 
      138, 
      136, 
      135, 
      135, 
      134
    ], 
    "IOB": [
      129, 
      133, 
      136, 
      139, 
      142, 
      143, 
      144, 
      145, 
      144, 
      143, 
      141, 
      139, 
      135, 
      131, 
      127, 
      124, 
      120, 
      117, 
      113, 
      110, 
      107, 
      104, 
      101, 
      99, 
      96, 
      94, 
      92, 
      90, 
      88, 
      86, 
      84, 
      83, 
      82, 
      81, 
      80, 
      79
    ]
  }, 
  "rate": 1.6, 
  "reason": "COB: 27, Dev: 61, BGI: -5.47, ISF: 68.4, Target: 107; Eventual BG 133>=107, 29m@1.280 = 0.619 > req 0.38011695906432746+0.1U", 
  "COB": 27, 
  "eventualBG": 133, 
  "timestamp": "2016-06-06T21:56:34.535769", 
  "duration": 30, 
  "tick": "+5", 
  "IOB": 0.829
}