{
  "requested": {
    "duration": 30, 
    "rate": 1.7, 
    "temp": "absolute"
  }, 
  "bg": 98, 
  "temp": "absolute", 
  "snoozeBG": 193, 
  "timestamp": "2016-06-02T22:18:36.734717", 
  "predBGs": {
    "COB": [
      98, 
      108, 
      117, 
      126, 
      134, 
      142, 
      149, 
      156, 
      162, 
      167, 
      171, 
      175, 
      177, 
      179, 
      180, 
      180, 
      179, 
      178, 
      176, 
      174, 
      172, 
      169, 
      165, 
      162, 
      160, 
      157, 
      154, 
      152, 
      150, 
      148, 
      146, 
      145, 
      143, 
      142, 
      141, 
      141, 
      140
    ], 
    "aCOB": [
      98, 
      108, 
      117, 
      126, 
      135, 
      143, 
      150, 
      157, 
      163, 
      168, 
      172, 
      176, 
      178, 
      180, 
      180, 
      180, 
      180, 
      178, 
      177, 
      174, 
      172, 
      169, 
      165, 
      162, 
      160, 
      157, 
      154, 
      152, 
      150, 
      148, 
      146, 
      145, 
      143, 
      142, 
      141, 
      141, 
      140
    ], 
    "IOB": [
      98, 
      107, 
      116, 
      123, 
      130, 
      136, 
      141, 
      146, 
      148, 
      150, 
      151, 
      150, 
      148, 
      146, 
      143, 
      140, 
      137, 
      133, 
      130, 
      126, 
      123, 
      119, 
      116, 
      113, 
      110, 
      108, 
      105, 
      103, 
      101, 
      99, 
      97, 
      95, 
      94, 
      93, 
      92, 
      92, 
      91
    ]
  }, 
  "rate": 2.25, 
  "reason": "COB: 27, Dev: 59, BGI: 0.22, ISF: 64, Target: 115; Eventual BG 140>=115, 28m@1.310 = 0.611 > req 0.390625+0.1U", 
  "eventualBG": 140, 
  "recieved": false, 
  "duration": 27, 
  "tick": "+10"
}